pos,ref,alt,qual,mutation_type
362,C,A,1396.08,Tv
1260,G,A,11665.04,Ti
1575,T,C,11754.05,Ti
1770,T,C,10296.08,Ti
2702,A,G,2442.08,Ti
4270,A,G,8952.08,Ti
4690,C,T,8585.08,Ti
5565,G,T,4417.08,Tv
6470,G,T,4970.08,Tv
6676,C,T,4562.08,Ti
7222,G,A,20620.05,Ti
8668,G,A,7791.08,Ti
10056,C,A,9903.08,Tv
12726,T,C,2940.08,Ti
14972,G,A,1493.08,Ti
16785,C,A,2885.08,Tv
17727,T,C,84230.61,Ti
21481,G,T,11405.04,Tv
21802,G,A,2833.08,Ti
21965,C,T,10981.08,Ti
22127,C,T,49428.49,Ti
23328,C,A,9975.08,Tv
23356,C,T,3057.08,Ti
24064,G,C,6303.08,Tv
24276,A,T,3526.08,Tv
26268,G,A,21043.05,Ti
26950,C,T,5900.08,Ti
28949,A,G,6038.08,Ti
30502,C,A,3730.08,Tv
32223,G,T,2046.08,Tv
32667,A,G,88170.61,Ti
33192,A,T,7880.08,Tv
33975,A,G,3647.08,Ti
35535,G,T,4090.08,Tv
36280,C,T,10251.08,Ti
36889,T,C,10592.08,Ti
38334,C,T,2222.08,Ti
39408,G,A,9506.08,Ti
40383,C,T,1917.08,Ti
41821,A,G,7162.08,Ti
42454,A,G,2854.08,Ti
46619,C,T,4181.08,Ti
48703,A,T,8744.08,Tv
49161,G,A,3554.08,Ti
49791,T,G,2303.08,Tv
50221,A,G,3728.08,Ti
52181,C,T,3707.08,Ti
52924,A,G,4937.08,Ti
54057,T,C,10933.08,Ti
54891,G,A,21378.05,Ti
56190,T,G,81895.61,Tv
56853,A,G,2001.08,Ti
58389,T,C,48895.49,Ti
58401,G,T,3408.08,Tv
58467,C,T,4814.08,Ti
60259,T,C,11026.08,Ti
65262,C,T,1737.08,Ti
68238,T,C,10679.08,Ti
69235,T,G,1140.08,Tv
73915,C,T,4569.08,Ti
75132,C,T,10994.04,Ti
80179,G,T,57394.52,Tv
80842,A,G,3335.08,Ti
82063,A,G,1730.08,Ti
83096,G,A,4378.08,Ti
84937,C,T,3634.08,Ti
85242,G,A,100775.38,Ti
86431,C,A,1179.08,Tv
86448,T,C,1827.08,Ti
87020,C,T,930.08,Ti
87490,T,C,64478.52,Ti
88942,G,T,953.08,Tv
91311,A,T,16821.04,Tv
91524,C,T,5016.08,Ti
94553,G,A,6620.08,Ti
95332,A,G,10910.08,Ti
97999,C,T,3173.08,Ti
98981,G,A,9975.08,Ti
101222,C,T,15120.04,Ti
101371,T,C,2641.08,Ti
104375,T,C,5433.08,Ti
109824,C,T,3549.08,Ti
110174,G,A,9224.08,Ti
113451,T,C,10689.08,Ti
113500,C,T,3609.08,Ti
113761,G,T,3401.08,Tv
114998,C,T,3456.08,Ti
115672,A,G,6571.08,Ti
117379,G,A,5332.08,Ti
117431,G,A,10057.08,Ti
118709,G,T,61751.52,Tv
119489,T,C,8094.08,Ti
120697,A,T,5775.08,Tv
120935,G,A,2800.08,Ti
121000,A,G,3737.08,Ti
126756,T,C,10791.08,Ti
128502,T,C,3821.08,Ti
129860,T,C,7852.08,Ti
130740,G,A,6813.08,Ti
131645,G,A,10562.08,Ti
132072,G,T,4242.08,Tv
138044,C,T,5065.08,Ti
139699,C,T,6412.08,Ti
139775,C,A,9840.08,Tv
149812,G,A,1786.08,Ti
151094,T,C,2730.08,Ti
151135,A,G,4084.08,Ti
153199,G,T,59328.52,Tv
154314,T,A,2075.08,Tv
155047,A,G,99810.38,Ti
155623,T,C,3124.08,Ti
156320,G,T,4652.08,Tv
156386,T,C,3273.08,Ti
157001,T,C,3702.08,Ti
159276,T,C,6198.08,Ti
159920,C,T,3912.08,Ti
162171,G,A,1366.08,Ti
164891,G,A,6172.08,Ti
165090,G,A,11566.04,Ti
165766,C,T,16641.04,Ti
165871,T,G,7421.08,Tv
167338,C,T,18702.05,Ti
169590,A,G,1457.08,Ti
169626,T,G,2731.08,Tv
169735,C,T,1302.08,Ti
174759,T,C,15714.04,Ti
177793,A,C,1219.08,Tv
180300,T,A,181.14,Tv
182634,C,T,4904.08,Ti
185033,T,C,6072.08,Ti
185138,T,G,3171.08,Tv
187171,T,A,13759.04,Tv
188479,A,G,11084.08,Ti
189898,G,T,102763.38,Tv
193034,T,C,3457.08,Ti
196237,C,T,3554.08,Ti
196267,C,T,6155.08,Ti
197856,G,T,20303.05,Tv
199858,C,A,7963.08,Tv
202078,T,C,85520.61,Ti
202537,C,T,10990.08,Ti
206055,G,A,10775.08,Ti
206351,T,C,2867.08,Ti
206531,C,A,23787.61,Tv
206771,T,G,95023.38,Tv
207062,C,T,3091.08,Ti
207066,G,A,1744.08,Ti
207713,C,A,1416.08,Tv
208074,C,A,8331.08,Tv
208513,C,T,105023.38,Ti
210379,C,A,3658.08,Tv
211036,T,C,105680.38,Ti
212689,A,G,824.08,Ti
212934,T,G,4146.08,Tv
214938,G,C,5523.08,Tv
215956,T,C,10643.08,Ti
216644,G,A,10410.08,Ti
216889,C,T,10622.08,Ti
217876,C,T,6377.08,Ti
220001,A,G,11008.08,Ti
223372,C,T,18595.05,Ti
225107,C,T,10846.08,Ti
226038,A,G,22122.61,Ti
226780,T,C,889.08,Ti
227486,T,G,19677.05,Tv
228803,C,T,2279.08,Ti
229043,C,T,3914.08,Ti
230371,T,C,1959.08,Ti
230673,T,G,2798.08,Tv
233877,C,A,9342.08,Tv
234994,G,A,5971.08,Ti
235665,C,T,5961.08,Ti
236676,T,C,5232.08,Ti
236886,C,T,16306.05,Ti
238982,C,T,2283.08,Ti
241651,C,T,2558.08,Ti
243341,C,T,3780.08,Ti
246686,G,A,19013.05,Ti
246993,G,A,90729.38,Ti
247944,C,T,89213.08,Ti
248729,G,A,56542.52,Ti
253418,G,A,94089.08,Ti
253797,T,C,2701.08,Ti
253848,C,T,7133.08,Ti
259177,A,G,2945.08,Ti
262057,C,T,5663.08,Ti
262100,A,G,20280.05,Ti
262351,T,C,5287.08,Ti
262522,G,T,2802.08,Tv
262703,T,G,4198.08,Tv
263868,G,A,10691.08,Ti
266355,A,G,9045.08,Ti
268054,G,T,9987.08,Tv
268662,T,C,10681.08,Ti
268936,C,A,5175.08,Tv
270020,G,A,5782.08,Ti
271278,C,A,5733.08,Tv
271279,G,A,3894.08,Ti
271641,T,C,88670.61,Ti
271759,G,A,49466.49,Ti
273038,G,A,6671.08,Ti
276472,G,T,5659.08,Tv
277084,T,C,5056.08,Ti
278028,G,A,9943.08,Ti
278261,G,A,1080.08,Ti
278666,G,A,1128.08,Ti
279807,T,C,3734.08,Ti
280092,A,G,9394.08,Ti
281213,A,G,2581.08,Ti
282067,C,T,588.08,Ti
285538,G,A,1800.08,Ti
287331,C,T,10181.08,Ti
291878,A,G,5218.08,Ti
294626,G,A,5822.08,Ti
295359,G,T,2308.08,Tv
297778,T,C,6501.08,Ti
298135,T,C,1384.08,Ti
299311,C,A,2310.08,Tv
301669,T,G,2925.08,Tv
302657,C,A,4347.08,Tv
303479,T,A,11370.04,Tv
305830,G,A,6418.08,Ti
310307,T,C,94853.08,Ti
310980,A,G,6884.08,Ti
311966,C,T,9711.08,Ti
314063,C,T,10269.08,Ti
314217,T,C,10681.08,Ti
314548,T,A,7371.08,Tv
314770,T,C,682.08,Ti
316581,G,A,2981.08,Ti
317147,T,C,989.08,Ti
317891,C,T,3132.08,Ti
321032,T,A,10178.08,Tv
323179,C,T,63890.52,Ti
323389,C,T,9427.08,Ti
324410,A,T,789.08,Tv
324511,T,C,6530.08,Ti
328190,G,T,3296.08,Tv
330352,T,C,1224.08,Ti
331999,G,A,8066.04,Ti
332588,C,T,16225.04,Ti
336902,T,C,851.08,Ti
340957,C,T,3745.08,Ti
341535,G,T,10174.08,Tv
343214,A,G,55407.52,Ti
344525,G,T,526.08,Tv
345857,C,A,10195.08,Tv
346419,C,T,93547.38,Ti
347858,G,A,4534.08,Ti
351499,T,C,9966.08,Ti
353195,G,T,91649.08,Tv
358012,T,C,3183.08,Ti
365450,A,C,3295.08,Tv
366070,A,G,5801.08,Ti
368714,T,C,7422.08,Ti
371319,G,A,11252.08,Ti
374857,A,G,4572.08,Ti
376931,T,A,10995.08,Tv
377655,C,A,1098.08,Tv
379762,C,T,10839.04,Ti
382513,G,T,6325.08,Tv
386165,G,A,1180.08,Ti
386188,A,T,10625.08,Tv
387778,T,C,4025.08,Ti
387839,A,T,3215.07,Tv
390237,G,T,16034.05,Tv
394168,T,C,7642.08,Ti
396652,A,G,10819.08,Ti
398498,A,G,2531.08,Ti
399723,T,C,8749.08,Ti
401477,T,C,2412.08,Ti
403232,C,T,11121.04,Ti
403692,C,A,3051.08,Tv
403914,A,G,3437.08,Ti
405036,T,G,3188.07,Tv
410304,C,T,5576.08,Ti
410539,A,G,5793.08,Ti
410785,G,T,20845.61,Tv
411271,C,T,4344.08,Ti
414255,G,A,10530.08,Ti
416055,T,G,3541.08,Tv
417535,C,T,9120.08,Ti
417755,T,A,9661.04,Tv
420058,T,C,3095.08,Ti
423789,A,G,8187.08,Ti
424802,T,C,10853.08,Ti
425768,G,T,2896.08,Tv
431566,C,T,10880.08,Ti
432235,C,A,439.08,Tv
435183,C,T,10830.08,Ti
440457,T,C,53614.52,Ti
440476,A,G,2803.08,Ti
440644,G,A,846.08,Ti
440655,T,C,911.08,Ti
442088,C,T,4858.08,Ti
443112,T,C,7991.08,Ti
443588,A,G,1434.08,Ti
445042,A,G,96159.38,Ti
446139,G,A,60514.52,Ti
447927,T,C,59212.52,Ti
450650,G,A,3781.08,Ti
453999,G,A,54801.52,Ti
458688,C,T,1428.08,Ti
458699,A,G,3674.08,Ti
459094,C,T,17430.05,Ti
467124,A,G,105300.38,Ti
469916,C,A,691.08,Tv
470290,C,T,1311.08,Ti
470421,G,T,10216.08,Tv
473696,T,C,3995.08,Ti
474307,C,A,5200.08,Tv
475059,T,C,92069.08,Ti
475729,C,T,11092.08,Ti
475776,C,T,11117.08,Ti
477593,C,A,5740.08,Tv
477940,G,A,5072.08,Ti
478294,G,A,8012.08,Ti
480083,G,T,1681.08,Tv
483914,T,C,5438.08,Ti
484950,C,T,5308.08,Ti
488531,G,A,3286.08,Ti
493163,C,T,5605.08,Ti
495255,T,G,10910.08,Tv
496708,A,G,5599.08,Ti
498100,G,A,7307.08,Ti
499448,C,T,25446.61,Ti
502775,G,A,1264.08,Ti
503170,A,G,6814.08,Ti
503175,T,A,7130.08,Tv
505497,G,T,3002.08,Tv
506346,A,G,101592.38,Ti
513775,C,T,3853.08,Ti
514662,C,T,3136.08,Ti
515845,T,G,16108.05,Tv
523669,A,G,101935.38,Ti
523933,C,T,5626.08,Ti
527350,T,G,9555.08,Tv
527863,A,G,14957.05,Ti
528976,G,T,16345.05,Tv
529762,A,G,99528.38,Ti
530177,G,T,1172.08,Tv
531913,A,C,99017.38,Tv
532562,A,G,1127.08,Ti
539264,G,T,2349.08,Tv
540150,C,T,98837.08,Ti
543020,G,A,9426.08,Ti
543355,T,C,2526.08,Ti
547361,G,T,6170.08,Tv
550998,T,A,6312.08,Tv
551440,C,T,9196.08,Ti
557329,G,A,5512.08,Ti
557677,G,A,6256.08,Ti
559981,G,A,5842.08,Ti
560346,A,G,10179.08,Ti
560473,C,A,3844.08,Tv
561327,A,G,10515.04,Ti
562753,G,A,9049.08,Ti
565576,T,C,17136.04,Ti
569005,C,T,17208.05,Ti
570147,C,T,5490.08,Ti
570460,G,A,3536.08,Ti
570988,G,T,6758.08,Tv
576968,C,A,3613.08,Tv
578350,T,G,10914.08,Tv
578412,A,G,20211.05,Ti
578420,G,T,8301.08,Tv
579916,G,A,16317.05,Ti
580066,C,A,10233.08,Tv
580366,G,A,2800.08,Ti
582357,A,G,11034.08,Ti
582630,T,C,57278.52,Ti
582666,G,A,7625.08,Ti
584122,G,T,2079.08,Tv
585194,G,T,57948.52,Tv
585289,C,T,1937.08,Ti
585798,A,T,3243.08,Tv
587562,T,C,9580.08,Ti
589053,C,T,4846.08,Ti
589275,T,G,4332.08,Tv
590776,A,G,1068.08,Ti
591019,C,A,2818.08,Tv
596167,C,T,7009.08,Ti
600083,G,A,7546.08,Ti
602400,G,T,3508.08,Tv
603235,C,A,10541.08,Tv
603582,G,A,98464.38,Ti
603685,T,C,2520.08,Ti
603863,A,G,2860.08,Ti
604618,T,G,1313.08,Tv
605204,C,T,6859.08,Ti
611246,G,A,4098.08,Ti
611743,A,T,11058.04,Tv
614275,T,C,5185.08,Ti
617285,C,A,3028.08,Tv
623841,C,T,8384.08,Ti
624593,A,G,22232.61,Ti
624892,C,A,1667.08,Tv
625720,C,T,2883.08,Ti
630131,C,T,2883.08,Ti
631845,G,A,10863.08,Ti
635787,G,A,7380.08,Ti
637825,G,T,10369.08,Tv
638591,G,A,8351.08,Ti
638871,C,T,9781.08,Ti
640050,T,G,10171.08,Tv
640868,G,T,4260.08,Tv
641603,C,T,97142.38,Ti
642906,C,A,4638.08,Tv
643904,C,A,54999.52,Tv
644311,C,A,15668.05,Tv
645210,A,G,11018.08,Ti
647477,T,C,5291.08,Ti
650736,T,C,1461.08,Ti
654413,C,A,8974.08,Tv
655531,G,A,600.08,Ti
655893,G,A,15963.05,Ti
655988,C,A,3735.08,Tv
656097,C,T,98507.38,Ti
657406,C,T,99351.08,Ti
660108,A,G,664.08,Ti
660272,C,T,3217.04,Ti
660821,A,C,96830.08,Tv
662095,G,A,8291.08,Ti
662423,G,T,7916.08,Tv
662784,A,G,3570.08,Ti
664552,T,C,5885.08,Ti
666953,G,A,833.08,Ti
667446,G,A,1031.08,Ti
668861,A,G,1249.08,Ti
669950,T,C,6142.08,Ti
669984,G,A,10170.08,Ti
669989,C,T,7144.08,Ti
670073,T,C,90259.38,Ti
673330,T,C,84656.08,Ti
673709,G,T,1776.08,Tv
680776,T,C,1792.08,Ti
681501,T,G,5289.08,Tv
686187,T,C,111407.38,Ti
687753,T,C,9794.08,Ti
688991,C,T,8226.08,Ti
691234,A,G,10083.08,Ti
695489,T,C,1637.08,Ti
696990,A,G,19753.05,Ti
697243,C,A,6108.08,Tv
698295,T,C,4739.08,Ti
701118,A,C,33045.46,Tv
701331,C,T,2265.08,Ti
703791,C,T,17709.05,Ti
705018,T,G,16630.05,Tv
705494,C,A,6009.08,Tv
706559,C,A,3902.08,Tv
708994,C,T,999.08,Ti
711172,C,G,10625.04,Tv
711824,A,G,8661.08,Ti
713429,C,A,10082.08,Tv
716659,T,A,1505.08,Tv
719576,A,C,95499.38,Tv
721314,G,A,9526.08,Ti
722503,C,T,24495.61,Ti
725443,C,A,499.08,Tv
725771,C,A,60027.52,Tv
726605,A,G,2811.08,Ti
731258,G,A,37606.45,Ti
734833,C,A,2776.08,Tv
734961,C,T,15735.04,Ti
737165,T,G,93524.38,Tv
738061,A,G,101640.38,Ti
738116,C,T,2391.08,Ti
738189,T,C,5174.08,Ti
738224,G,A,3767.08,Ti
739517,A,G,9635.08,Ti
744008,A,C,6542.08,Tv
744529,A,G,3654.08,Ti
746256,C,A,32.9,Tv
746564,A,G,5499.08,Ti
749522,A,G,5249.08,Ti
749758,C,A,1007.08,Tv
750439,T,C,8663.08,Ti
751469,A,G,6089.08,Ti
755739,T,C,10796.08,Ti
756572,C,T,57227.52,Ti
756942,G,A,18521.05,Ti
757939,G,A,8702.08,Ti
759154,T,A,10889.08,Tv
760787,T,C,10794.08,Ti
764159,G,A,1094.08,Ti
765811,G,T,5816.08,Tv
768205,G,A,90303.38,Ti
770075,G,A,1507.08,Ti
771713,A,G,104093.38,Ti
773500,G,A,5735.08,Ti
777855,G,T,3737.08,Tv
778200,G,A,15490.04,Ti
778644,G,A,8620.08,Ti
778736,G,A,824.08,Ti
780509,C,T,1085.08,Ti
782189,G,A,7288.08,Ti
787359,T,C,2796.08,Ti
791432,G,A,56895.52,Ti
794662,G,A,3719.08,Ti
794873,T,C,733.08,Ti
795561,G,A,7021.08,Ti
799169,C,A,7739.08,Tv
800028,A,G,2990.08,Ti
800419,G,T,57872.52,Tv
804542,T,C,1660.08,Ti
804596,T,C,2875.08,Ti
804604,C,A,11038.08,Tv
806308,C,T,5841.08,Ti
807473,G,A,4883.08,Ti
813439,G,T,10578.08,Tv
814607,G,A,3962.08,Ti
816212,T,C,3259.08,Ti
820160,C,T,3069.08,Ti
823532,C,T,4960.08,Ti
824446,C,A,50886.49,Tv
824709,A,C,3318.08,Tv
825906,T,C,5159.08,Ti
828843,T,C,2494.08,Ti
829018,C,A,6706.08,Tv
829865,C,T,6399.08,Ti
830095,C,G,3526.08,Tv
835544,C,T,10593.04,Ti
837411,C,T,95955.38,Ti
838689,A,G,5512.08,Ti
840332,A,C,1429.08,Tv
840634,G,A,11041.08,Ti
842052,G,A,10869.08,Ti
843426,A,G,6056.08,Ti
847651,C,T,6030.08,Ti
849916,T,C,1094.08,Ti
851012,T,G,88973.38,Tv
852353,T,C,9669.05,Ti
852423,A,T,59312.52,Tv
852754,C,A,1103.08,Tv
853626,A,C,103819.38,Tv
858636,T,C,109045.38,Ti
861690,C,T,7330.08,Ti
862303,G,T,5473.08,Tv
863536,T,C,108452.38,Ti
863657,G,A,13698.05,Ti
865592,A,G,6885.08,Ti
866928,A,G,10004.08,Ti
869097,A,C,16293.04,Tv
869312,G,A,7674.08,Ti
869693,C,T,10857.08,Ti
871658,A,T,740.08,Tv
872450,C,A,1456.08,Tv
877706,A,G,17658.05,Ti
878297,A,C,100236.38,Tv
881105,C,A,6007.08,Tv
882115,C,T,14571.05,Ti
882367,T,C,53622.52,Ti
882800,A,C,229.08,Tv
882886,G,A,90356.38,Ti
884960,G,T,12730.05,Tv
887238,G,A,6293.08,Ti
887240,C,T,1857.08,Ti
887451,A,G,97672.38,Ti
888352,A,G,5445.08,Ti
888593,T,C,91845.38,Ti
892024,G,A,3031.08,Ti
893578,C,A,94891.38,Tv
895815,C,A,18594.05,Tv
896722,C,A,10975.08,Tv
897347,T,C,6374.08,Ti
897359,C,T,6688.08,Ti
898145,T,C,10971.04,Ti
899825,G,A,10929.08,Ti
901762,C,T,15919.05,Ti
902645,T,C,2298.08,Ti
905195,G,T,6815.08,Tv
905835,A,G,10787.08,Ti
907779,C,T,103834.38,Ti
908772,A,T,10777.08,Tv
908867,G,T,1985.08,Tv
910644,A,G,769.08,Ti
913606,G,A,10463.04,Ti
914265,A,G,8739.08,Ti
914671,G,T,6427.08,Tv
915100,G,A,58983.52,Ti
915329,A,G,106211.38,Ti
915825,G,A,1013.08,Ti
920600,C,A,5703.08,Tv
922632,T,G,54827.52,Tv
924866,T,C,20462.05,Ti
925166,G,A,4144.08,Ti
925940,G,A,6240.08,Ti
927092,G,A,4820.08,Ti
928885,T,C,3305.08,Ti
929162,C,A,2039.08,Tv
931189,T,C,6075.08,Ti
932007,A,C,5063.08,Tv
932589,T,C,4531.08,Ti
933607,G,A,21175.05,Ti
936038,A,G,61686.52,Ti
936548,A,G,57055.52,Ti
940408,T,G,1385.08,Tv
940489,T,C,10781.08,Ti
941306,C,A,10488.08,Tv
942783,C,T,106764.38,Ti
948719,G,A,4416.08,Ti
948925,C,T,1723.08,Ti
949433,A,G,58556.52,Ti
953142,A,T,10943.08,Tv
953691,C,T,6970.08,Ti
955857,T,C,9221.08,Ti
963845,G,C,15334.05,Tv
964205,G,T,7758.08,Tv
967258,T,C,3819.08,Ti
967792,C,T,2638.08,Ti
968388,A,G,3112.08,Ti
972716,C,T,10888.08,Ti
973808,C,T,89958.38,Ti
977861,C,A,3521.08,Tv
977914,G,A,8377.08,Ti
981429,A,G,591.08,Ti
981467,C,T,10102.08,Ti
981666,T,C,1453.08,Ti
981848,A,C,3757.08,Tv
984174,A,G,6053.08,Ti
984305,C,A,1861.08,Tv
986857,C,T,4649.08,Ti
987409,T,C,2190.08,Ti
987715,C,A,58946.52,Tv
991147,C,A,105374.38,Tv
992915,A,C,10825.08,Tv
995585,C,A,94941.04,Tv
997388,G,T,5238.08,Tv
998653,C,T,6720.08,Ti
999467,G,A,4406.08,Ti
1000668,C,A,103277.38,Tv
1000868,G,T,5816.08,Tv
1002609,A,G,3745.08,Ti
1004309,G,A,10375.08,Ti
1005717,C,A,10379.08,Tv
1005864,C,T,10458.08,Ti
1006153,A,G,6644.08,Ti
1006538,C,T,6721.08,Ti
1007269,A,C,11020.04,Tv
1007525,T,C,1873.08,Ti
1010086,G,A,5454.08,Ti
1010817,A,C,29134.46,Tv
1011487,T,C,19019.05,Ti
1011569,T,C,3029.08,Ti
1015502,G,A,9670.08,Ti
1022596,G,A,2279.08,Ti
1022907,A,C,55223.52,Tv
1023807,A,G,103239.38,Ti
1023895,A,G,3050.08,Ti
1025130,T,C,4804.08,Ti
1027873,C,A,6281.08,Tv
1030184,G,T,4852.08,Tv
1033518,C,T,17497.04,Ti
1034235,C,T,4962.08,Ti
1034289,C,A,3411.08,Tv
1034763,G,T,1128.08,Tv
1035149,G,A,5234.08,Ti
1036822,C,A,16822.05,Tv
1037561,C,T,8610.08,Ti
1041075,C,T,4076.08,Ti
1043689,G,A,6875.08,Ti
1044956,G,A,6080.08,Ti
1047075,T,C,6345.08,Ti
1048389,C,A,3060.08,Tv
1051128,C,T,3279.08,Ti
1053420,T,C,10240.08,Ti
1053801,C,T,3370.08,Ti
1057754,G,T,4633.08,Tv
1060420,G,A,3972.08,Ti
1060503,T,C,3861.08,Ti
1060913,C,T,10891.08,Ti
1061203,T,G,33721.81,Tv
1061212,G,T,2358.08,Tv
1061750,G,A,57681.52,Ti
1062318,T,C,3288.08,Ti
1063478,C,A,5677.08,Tv
1064955,C,A,7339.08,Tv
1065092,A,C,22063.61,Tv
1068345,C,T,10078.08,Ti
1068718,C,T,9925.08,Ti
1069009,T,C,4710.08,Ti
1069361,A,G,10969.08,Ti
1069368,A,G,8115.04,Ti
1072367,T,A,3289.08,Tv
1072445,A,G,47851.49,Ti
1075538,C,T,2504.08,Ti
1076623,T,C,4487.08,Ti
1079983,G,A,2281.04,Ti
1079984,C,A,2075.04,Tv
1081129,A,G,6316.08,Ti
1084154,G,T,8160.08,Tv
1084762,A,G,10934.04,Ti
1086269,C,T,4636.08,Ti
1086552,T,C,19634.05,Ti
1087508,T,C,3453.08,Ti
1089100,A,G,3920.08,Ti
1090011,A,C,1686.08,Tv
1090677,G,A,10797.08,Ti
1094801,A,G,5217.08,Ti
1096835,G,T,4127.08,Tv
1097094,A,C,5269.08,Tv
1097185,C,T,7039.08,Ti
1097494,T,C,4905.08,Ti
1097507,G,A,3329.08,Ti
1099722,T,C,1094.08,Ti
1102839,C,T,9401.08,Ti
1104927,A,G,3705.08,Ti
1106752,A,G,98479.38,Ti
1107187,T,C,11068.08,Ti
1109714,T,C,52339.49,Ti
1109908,A,G,4774.08,Ti
1112811,G,A,2519.08,Ti
1114867,A,G,1557.08,Ti
1114868,T,G,1546.08,Tv
1115369,G,A,10193.08,Ti
1118807,A,C,21342.05,Tv
1119055,A,C,115038.38,Tv
1122132,C,T,10056.08,Ti
1125208,G,A,6777.08,Ti
1127503,C,A,3936.08,Tv
1127614,T,C,7406.08,Ti
1128056,C,A,107806.08,Tv
1130916,G,T,5530.08,Tv
1132562,G,A,10786.08,Ti
1132923,A,C,1485.08,Tv
1133095,A,G,11056.08,Ti
1134408,A,C,3258.08,Tv
1134452,G,T,597.08,Tv
1135917,T,C,1499.08,Ti
1137241,G,A,1043.08,Ti
1137489,C,T,4461.08,Ti
1137834,T,A,65033.52,Tv
1139842,A,T,63154.52,Tv
1143231,A,C,4087.08,Tv
1143340,G,A,8060.08,Ti
1143786,C,T,15801.04,Ti
1144596,C,T,5911.08,Ti
1144803,C,A,6299.08,Tv
1146254,C,T,107335.38,Ti
1148023,G,A,6515.08,Ti
1149170,C,T,99614.08,Ti
1149736,C,A,11176.04,Tv
1151859,A,G,112006.38,Ti
1154596,C,T,3739.08,Ti
1155062,C,A,7374.08,Tv
1155287,C,A,3619.08,Tv
1155351,G,A,7614.08,Ti
1156129,T,C,2739.08,Ti
1156712,G,T,10983.08,Tv
1156970,C,T,2511.08,Ti
1157016,T,A,9983.08,Tv
1157024,T,C,2301.08,Ti
1157259,A,C,101168.38,Tv
1159191,G,T,8611.08,Tv
1160210,G,A,9935.08,Ti
1160279,T,A,1965.08,Tv
1160399,T,C,9968.08,Ti
873,T,G,19119.38,Tv
1166,C,G,17290.38,Tv
1197,A,T,16252.38,Tv
1204,A,T,15186.38,Tv
1210,G,A,13965.38,Ti
1214,A,T,13760.38,Tv
1216,G,T,13231.38,Tv
1227,C,A,16312.38,Tv
2343,A,G,1003.08,Ti
2936,G,A,779.08,Ti
3130,C,T,14738.38,Ti
3736,C,T,13708.49,Ti
3811,C,T,5536.08,Ti
4584,G,A,460.26,Ti
5378,C,T,817.08,Ti
5428,G,T,10520.45,Tv
6106,C,T,4623.04,Ti
6271,T,C,476.08,Ti
7415,C,T,46.08,Ti
8864,C,T,8934.49,Ti
9481,C,A,13938.49,Tv
9595,G,A,16340.38,Ti
9882,T,C,258.08,Ti
10236,T,C,224.08,Ti
11119,A,G,159.08,Ti
12256,T,A,694.64,Tv
13444,A,G,296.46,Ti
13621,G,T,325.26,Tv
13646,T,C,6207.14,Ti
13735,T,C,13.71,Ti
13744,G,A,7596.52,Ti
13773,G,T,494.64,Tv
13819,T,C,14908.59,Ti
13855,A,G,522.05,Ti
14007,G,A,706.07,Ti
14043,A,G,1705.28,Ti
14066,G,A,1143.52,Ti
14073,T,G,986.55,Tv
14092,T,C,494.07,Ti
14099,G,A,315.89,Ti
14260,T,C,46.11,Ti
14267,G,A,34.58,Ti
14288,T,C,703.84,Ti
14295,A,G,131.55,Ti
14301,A,G,131.77,Ti
14302,A,G,132.6,Ti
14318,A,G,29.08,Ti
14320,T,C,7.03,Ti
14372,C,T,12.34,Ti
14391,C,T,44.06,Ti
14403,A,G,12.34,Ti
14407,T,C,4361.74,Ti
14535,A,G,20.12,Ti
14541,T,C,42.13,Ti
14571,A,G,47.08,Ti
14625,T,C,69.06,Ti
14698,A,G,571.04,Ti
14700,T,C,2594.56,Ti
14707,G,A,23252.08,Ti
14793,T,C,1274.51,Ti
14797,A,G,1408.08,Ti
14811,C,T,416.63,Ti
14815,T,C,1258.73,Ti
14822,A,G,1047.59,Ti
14829,G,T,16.19,Tv
14846,G,T,137.24,Tv
14871,A,G,198.13,Ti
14877,T,C,426.54,Ti
14889,G,A,523.31,Ti
14890,A,G,10.0,Ti
14915,A,G,485.78,Ti
15015,A,G,188.08,Ti
15231,T,C,174.08,Ti
15253,C,T,458.08,Ti
15707,T,C,7913.49,Ti
15946,A,G,15887.38,Ti
16083,A,G,885.08,Ti
16631,T,C,781.08,Ti
16997,A,G,12976.38,Ti
17058,C,T,571.08,Ti
17819,A,G,361.08,Ti
19198,T,C,123.08,Ti
