chrom,pos,ref,alt,circles_ref,circles_alt,circles_depth,circles_freq_raw,circles_minor_is_alt,circles_maf,mutation_type,duplex_alt,duplex_ref,duplex_depth,duplex_freq_raw,duplex_maf,duplex_minor_is_alt
NC_008610.1_pilon,55180,T,C,2459,5,2464,0.002029220779220779,True,0.002029220779220779,Ti,4,1493,1497,0.0026720106880427524,0.0026720106880427524,True
NC_008610.1_pilon,133204,G,T,1763,6,1769,0.0033917467495760316,True,0.0033917467495760316,Tv,5,1798,1803,0.0027731558513588465,0.0027731558513588465,True
NC_008610.1_pilon,175584,T,C,1221,5,1231,0.004061738424045491,True,0.004061738424045491,Ti,4,1575,1579,0.00253324889170361,0.00253324889170361,True
NC_008610.1_pilon,318549,C,T,2299,8,2311,0.0034617048896581565,True,0.0034617048896581565,Ti,6,1446,1452,0.004132231404958678,0.004132231404958678,True
NC_008610.1_pilon,344520,T,C,3365,7,3373,0.0020753038837829827,True,0.0020753038837829827,Ti,7,1506,1513,0.004626569729015202,0.004626569729015202,True
NC_008610.1_pilon,376487,G,A,4396,6,4405,0.001362088535754824,True,0.001362088535754824,Ti,6,1470,1476,0.0040650406504065045,0.0040650406504065045,True
NC_008610.1_pilon,406974,T,G,1551,7,1558,0.004492939666238768,True,0.004492939666238768,Tv,6,1627,1633,0.003674219228413962,0.003674219228413962,True
NC_008610.1_pilon,442798,T,C,3365,29,3398,0.008534432018834609,True,0.008534432018834609,Ti,28,1425,1453,0.019270474879559532,0.019270474879559532,True
NC_008610.1_pilon,446519,G,T,1513,5,1519,0.0032916392363396972,True,0.0032916392363396972,Tv,5,1494,1499,0.00333555703802535,0.00333555703802535,True
NC_008610.1_pilon,677288,T,C,2848,9,2861,0.0031457532331352674,True,0.0031457532331352674,Ti,3,1628,1631,0.0018393623543838135,0.0018393623543838135,True
NC_008610.1_pilon,829099,A,G,4872,11,4888,0.0022504091653027824,True,0.0022504091653027824,Ti,3,1415,1418,0.0021156558533145277,0.0021156558533145277,True
NC_008610.1_pilon,941938,A,G,1824,8,1832,0.004366812227074236,True,0.004366812227074236,Ti,5,1444,1449,0.003450655624568668,0.003450655624568668,True
NC_008610.1_pilon,947619,G,A,2983,16,3000,0.005333333333333333,True,0.005333333333333333,Ti,3,1537,1540,0.001948051948051948,0.001948051948051948,True
NC_008610.1_pilon,950290,T,G,5544,13,5565,0.002336028751123091,True,0.002336028751123091,Tv,3,1338,1341,0.0022371364653243847,0.0022371364653243847,True
NC_008610.1_pilon,985438,A,G,1310,5,1315,0.0038022813688212928,True,0.0038022813688212928,Ti,14,1514,1528,0.009162303664921465,0.009162303664921465,True
NC_008610.1_pilon,1010676,A,G,5154,7,5169,0.0013542271232346683,True,0.0013542271232346683,Ti,3,1722,1725,0.0017391304347826088,0.0017391304347826088,True
NC_008610.1_pilon,1045485,T,C,3010,15,3025,0.0049586776859504135,True,0.0049586776859504135,Ti,6,1626,1632,0.003676470588235294,0.003676470588235294,True
NC_008610.1_pilon,1114238,C,T,5566,20,5589,0.003578457684737878,True,0.003578457684737878,Ti,3,1450,1453,0.0020646937370956643,0.0020646937370956643,True
NC_008610.1_pilon,1117830,A,C,2365,14,2381,0.005879882402351953,True,0.005879882402351953,Tv,3,1622,1625,0.0018461538461538461,0.0018461538461538461,True
NC_008610.1_pilon,1154889,G,A,1368,6,1374,0.004366812227074236,True,0.004366812227074236,Ti,8,1852,1860,0.004301075268817204,0.004301075268817204,True
